,pM,pML_1,pML_2,pUL_1,pUL_2,llh
0,0.591761113061698,0.5619021778057516,0.4026962583563041,0.47086239811224895,0.38904899474900456,-149.75100977694512
1,0.4017226254831424,0.3920297005672851,0.4078081399577261,0.5611740420145692,0.35298456678710355,-149.2002200302259
