,pM,pML_1,pML_2,pML_3,pUL_1,pUL_2,pUL_3,llh
0,0.3738630239205031,0.5434433818447235,0.3176315331382795,0.6867232349917064,0.22829423355698633,0.24549603017169996,0.3881994382829062,-189.30681784088736
1,0.7634654863762395,0.4792015443533434,0.311023249760432,0.559913383382239,0.2953043266221412,0.2623485268783327,0.2695028514338747,-188.27439410787966
