,pM,pML_1,pML_2,pML_3,pUL_1,pUL_2,pUL_3
0,0.46990522822181324,0.33724047256497575,0.14686827016986256,0.22301134400452918,0.23536751389361432,0.13851831732758027,0.41484190254888603
1,0.48718377265838386,0.3040838954078977,0.24311374879778677,0.3319395490609859,0.28053210666552403,0.2967512167945086,0.3333640312254926
