,pM,pML_1,pML_2,pUL_1,pUL_2,llh
0,0.8306986347125177,0.14714392782606434,0.4912143686765419,0.21762613398866149,0.22674896166717967,-115.44898357975666
1,0.5841475889651828,0.039595455482382656,0.050943805969302515,0.18744341137369608,0.19397510426642156,-110.91418411210738
