,pM,pML_1,pML_2,pML_3,pUL_1,pUL_2,pUL_3,llh
0,0.4956061241327481,0.5093438998736706,0.2171723535627619,0.7327687619484846,0.21074133204699558,0.26409262944941897,0.24700936501890128,-164.42431780933953
1,0.5765532531418567,0.5600357430716972,0.5181066823166729,0.7637512416488204,0.2178117813823744,0.26692551032585926,0.14157545293411342,-167.17530506076534
